id,first_name,last_name
1,Abigail,O'Flynn
2,Marchall,Chinery
3,Willi,Dunnet
4,Russell,Wildes
5,Jordan,Fossey
6,Ollie,Dourin
7,Stella,Chance
8,Jaymee,Uff
9,Hillary,Bayman
10,Merle,Bendin
11,Kipp,Tolworth
12,Calvin,Brown
13,Marcie,Beagley
14,Idelle,Hannan
15,Thacher,Barrar
16,Selena,Coch
17,Jourdain,Devons
18,Gardener,Giaomozzo
19,Abelard,Willis
20,Priscella,Neill
21,Cristabel,Shitliff
22,Amelina,Dikelin
23,Joana,Fobidge
24,Sibylle,Allchorn
25,Derron,Shalcros
26,Anderson,Stillgoe
27,Devon,Selkirk
28,Emery,Corryer
29,Abba,Dicks
30,Archer,Paulsen
